id,name,email,password,phoneNo,age,gender,status,membership,createdOn,lastLoggedIn,residentialAddress,shippingAddress
1,Bina Rajagopalan,ramangaurangi@example.org,4sUFROcZ,424081862,46,FEMALE,ACTIVE,SILVER,2024-03-27T00:00,2024-04-06T00:00,217:Rastogi Path:Near Raiganj:Maharaj:Kavali:Pondicherry:Gujarat:Kazakhstan:600812,405:Goel Zila:Near Maheshtala:Dutt Nagar:Anantapur:Nashik:Meghalaya:Tanzania:228720
2,Oviya Puri,kashishsodhi@example.org,kobShehd,1743301627,35,FEMALE,INACTIVE,GOLD,2024-03-05T00:00,2024-04-03T00:00,H.No. 972:Khanna Nagar:Near Guntur:Lad Street:Narasaraopet:Bijapur:Kerala:Liechtenstein:507047,635:Reddy Circle:Near Chennai: Kale Path:Saharanpur:Karawal Nagar:Bihar:San Marino:191834
3,Jasmit Thakkar,divanwarda@example.com,PXOdo4I2,1088955543,30,MALE,INACTIVE,GOLD,2024-04-04T00:00,2024-04-26T00:00,H.No. 591:Vyas Circle:Near Sagar:Bhasin Nagar:Mathura:Deoghar:Arunachal Pradesh:Luxembourg:856886,H.No. 094:Kara Ganj:Near Kulti: Divan Chowk:Mysore:Kottayam:Uttar Pradesh:Kingdom of the Netherlands:946723
4,Ubika Sachar,modifariq@example.net,JlSXlJ9c,512629809,28,FEMALE,INACTIVE,SILVER,2024-02-29T00:00,2024-03-24T00:00,060:Palla Ganj:Near South Dumdum: Puri Road:Gudivada:Anantapuram:Mizoram:Russia:494654,26/44:Kashyap Zila:Near Kottayam:Rajan Marg:Bidar:Amaravati:Himachal Pradesh:Maldives:881899
5,Hritik Dalal,thakurniharika@example.net,7wUXgHWm,9147419802,26,FEMALE,BLOCKED,BRONZE,2024-01-21T00:00,2024-03-03T00:00,H.No. 972:Khanna Nagar:Near Guntur:Lad Street:Narasaraopet:Bijapur:Kerala:Liechtenstein:507047,H.No. 787:Nayak Zila:Near Uluberia:Bandi Road:Hosur:Buxar:Mizoram:Honduras:481878
6,Dipta Nayar,zgole@example.com,IYIT8hQb,8042241554,26,MALE,ACTIVE,GOLD,2024-02-21T00:00,2024-03-03T00:00,H.No. 71:Kant Ganj:Near Guwahati:Shukla Ganj:Surat:Gangtok:Goa:Pakistan:332313,90:Pradhan Nagar:Near Sri Ganganagar:Karpe:Ramgarh:Bhusawal:Odisha:Dominica:729093
7,Anika Seshadri,bhatiaavni@example.org,sny19X2R,6939499464,23,FEMALE,BLOCKED,BRONZE,2024-04-01T00:00,2024-05-03T00:00,H.No. 71:Kant Ganj:Near Guwahati:Shukla Ganj:Surat:Gangtok:Goa:Pakistan:332313,48/701:Deep Zila:Near Muzaffarnagar: Shah Circle:Mahbubnagar:Proddatur:Arunachal Pradesh:Benin:761195
8,Noah Pillai,shanaarna@example.net,CYZR0V8u,5837404362,38,TRANSGENDER,ACTIVE,GOLD,2024-03-24T00:00,2024-05-14T00:00,78/420:Gupta Ganj:Near Uluberia:Basak Zila:Mira-Bhayandar:Dhule:Madhya Pradesh:Malta:075172,77/68:Sekhon Zila:Near Meerut:Shanker:Bhusawal:Raebareli:Telangana:Algeria:997923
9,Jacob Madan,vrindashroff@example.com,jkhRNLKE,1460813780,30,TRANSGENDER,BLOCKED,SILVER,2024-03-20T00:00,2024-04-28T00:00,H.No. 972:Khanna Nagar:Near Guntur:Lad Street:Narasaraopet:Bijapur:Kerala:Liechtenstein:507047,002:Palan Path:Near Barasat:Dutta Chowk:Bhalswa Jahangir :PurNorth Dumdum:Rajasthan:Equatorial Guinea:366970
10,Faris Mallick,widishaborra@example.net,mbFAIB0P,380894661,37,FEMALE,ACTIVE,GOLD,2024-01-02T00:00,2024-03-01T00:00,H.No. 36:Sarna Road:Near Khammam: Lanka Path:Solapur:Nizamabad:Gujarat:Bangladesh:781904,002:Palan Path:Near Barasat:Dutta Chowk:Bhalswa Jahangir: PurNorth Dumdum:Rajasthan:Equatorial Guinea:366970
11,Yutika Bedi,triya99@example.org,5TCbZGUK,8620470374,54,MALE,ACTIVE,SILVER,2024-01-19T00:00,2024-03-14T00:00,H.No. 36:Sarna Road:Near Khammam: Lanka Path:Solapur:Nizamabad:Gujarat:Bangladesh:781904,002:Palan Path:Near Barasat:Dutta Chowk:Bhalswa Jahangir :PurNorth Dumdum:Rajasthan:Equatorial Guinea:366970
12,Lohit Rout,hchauhan@example.org,r8A48048,8319793847,22,TRANSGENDER,INACTIVE,DIAMOND,2024-03-04T00:00,2024-05-01T00:00,H.No. 36:Sarna Road:Near Khammam:Lanka Path:Solapur:Nizamabad:Gujarat:Bangladesh:781904,44/037:Menon Road:Near Kollam:Sur Ganj:Kalyan-Dombivli:Kishanganj:Assam:Marshall Islands:679103
13,Shivani Kala,rachita58@example.net,opgchLpl,7958579567,50,MALE,BLOCKED,GOLD,2024-01-08T00:00,2024-02-24T00:00,H.No. 36:Sarna Road:Near Khammam: Lanka Path:Solapur:Nizamabad:Gujarat:Bangladesh:781904,H.No. 19:Devi Circle:Near Gwalior:Chacko Ganj:Sambalpur:Shimla:Madhya Pradesh:Qatar:386726
14,Triya Sodhi,epingle@example.org,QJHDudfR,4310295906,26,MALE,BLOCKED,GOLD,2024-03-06T00:00,2024-03-20T00:00,H.No. 449:Krishnamurthy Marg:Near Tinsukia:Dhar Ganj:Nagercoil:Gudivada:Madhya Pradesh:Portugal:878241,44/037:Menon Road:Near Kollam:Sur Ganj:Kalyan-Dombivli:Kishanganj:Assam:Marshall Islands:679103
15,Veer Sarma,anamikadube@example.com,abJQNS16,9354943849,34,TRANSGENDER,ACTIVE,DIAMOND,2024-03-07T00:00,2024-03-23T00:00,H.No. 449:Krishnamurthy Marg:Near Tinsukia:Dhar Ganj:Nagercoil:Gudivada:Madhya Pradesh:Portugal:878241,44/037:Menon Road:Near Kollam:Sur Ganj:Kalyan-Dombivli:Kishanganj:Assam:Marshall Islands:679103
16,Ikshita Prabhakar,pchander@example.com,RoaIzqXz,489313896,37,TRANSGENDER,BLOCKED,GOLD,2024-01-17T00:00,2024-01-31T00:00,H.No. 449:Krishnamurthy Marg:Near Tinsukia:Dhar Ganj:Nagercoil:Gudivada:Madhya Pradesh:Portugal:878241,H.No. 38:Srinivasan Nagar:Near Hapur:Vaidya Road:Hospet:Anand:Manipur:Moldova:985707
17,Sai Vyas,chakradharparmar@example.com,PmCcmYZV,3531381470,32,TRANSGENDER,BLOCKED,SILVER,2024-03-01T00:00,2024-03-16T00:00,H.No. 449:Krishnamurthy Marg:Near Tinsukia: Dhar Ganj:Nagercoil:Gudivada:Madhya Pradesh:Portugal:878241,44/037:Menon Road:Near Kollam:Sur Ganj:Kalyan-Dombivli:Kishanganj:Assam:Marshall Islands:679103
18,Theodore Rattan,radha29@example.com,Hlzg2hzM,5701688820,49,FEMALE,BLOCKED,BRONZE,2024-01-15T00:00,2024-02-19T00:00,H.No. 449:Krishnamurthy Marg:Near Tinsukia:Dhar Ganj:Nagercoil:Gudivada:Madhya Pradesh:Portugal:878241,44/037:Menon Road:Near Kollam:Sur Ganj:Kalyan-Dombivli:Kishanganj:Assam:Marshall Islands:679103
19,Kala Sethi,vwalla@example.org,ZHE3glcu,1410778064,54,FEMALE,INACTIVE,BRONZE,2024-01-04T00:00,2024-02-29T00:00,H.No. 449:Krishnamurthy Marg:Near Tinsukia:Dhar Ganj:Nagercoil:Gudivada:Madhya Pradesh:Portugal:878241,44/037:Menon Road:Near Kollam:Sur Ganj:Kalyan-Dombivli:Kishanganj:Assam:Marshall Islands:679103
20,Jyoti Kohli,agastya95@example.org,FhBZmQRq,1969752229,48,FEMALE,ACTIVE,BRONZE,2024-02-13T00:00,2024-02-26T00:00,H.No. 25:Swamy Marg:Near Kalyan-Dombivli:Minhas Road:Kirari Suleman Nagar:Dindigul:Nagaland:Lithuania:724960,44/037:Menon Road:Near Kollam:Sur Ganj:Kalyan-Dombivli:Kishanganj:Assam:Marshall Islands:679103
21,Bakhshi Sampath,warhinarula@example.com,iGYszYT2,3111003363,18,FEMALE,INACTIVE,SILVER,2024-02-19T00:00,2024-02-29T00:00,H.No. 25:Swamy Marg:Near Kalyan-Dombivli: Minhas Road:Kirari Suleman Nagar:Dindigul:Nagaland:Lithuania:724960,44/037:Menon Road:Near Kollam:Sur Ganj:Kalyan-Dombivli:Kishanganj:Assam:Marshall Islands:679103
22,Vaishnavi Sama,libni51@example.com,pn4TUatB,6339158821,25,TRANSGENDER,INACTIVE,GOLD,2024-03-14T00:00,2024-04-28T00:00,53/218:Bhardwaj Circle:Near Tinsukia: Dara Road:Bhind:Raebareli:Punjab:Ukraine:267232,44/037:Menon Road:Near Kollam:Sur Ganj:Kalyan-Dombivli:Kishanganj:Assam:Marshall Islands:679103
23,Pahal Handa,isaac06@example.org,swhcEo1U,1498727455,31,FEMALE,INACTIVE,DIAMOND,2024-03-02T00:00,2024-05-01T00:00,83:Dugar Chowk:Near Hosur:Oommen Road:Agra:Alappuzha:Madhya Pradesh:Tunisia:488359,44/037:Menon Road:Near Kollam:Sur Ganj:Kalyan-Dombivli:Kishanganj:Assam:Marshall Islands:679103
24,Aayush Dhar,vasanakarnik@example.com,h0kS0gP6,5005982444,41,MALE,INACTIVE,DIAMOND,2024-02-04T00:00,2024-03-09T00:00,H.No. 25:Swamy Marg:Near Kalyan-Dombivli:Minhas Road:Kirari Suleman Nagar:Dindigul:Nagaland:Lithuania:724960,44/037:Menon Road:Near Kollam:Sur Ganj:Kalyan-Dombivli:Kishanganj:Assam:Marshall Islands:679103
25,Dayita Murty,hjhaveri@example.org,a4rilpXh,2647392473,44,MALE,ACTIVE,GOLD,2024-03-16T00:00,2024-04-18T00:00,H.No. 25:Swamy Marg:Near Kalyan-Dombivli:Minhas Road:Kirari Suleman Nagar:Dindigul:Nagaland:Lithuania:724960,44/037:Menon Road:Near Kollam:Sur Ganj:Kalyan-Dombivli:Kishanganj:Assam:Marshall Islands:679103
26,Atharv Nayak,rudra50@example.com,z5x0KHiq,5614229278,24,MALE,BLOCKED,DIAMOND,2024-03-12T00:00,2024-05-01T00:00,H.No. 25:Swamy Marg:Near Kalyan-Dombivli:Minhas Road:Kirari Suleman Nagar:Dindigul:Nagaland:Lithuania:724960,44/037:Menon Road:Near Kollam:Sur Ganj:Kalyan-Dombivli:Kishanganj:Assam:Marshall Islands:679103
27,Vrishti Srivastava,sacharmanya@example.org,v1ytPxVV,5477288100,51,FEMALE,INACTIVE,BRONZE,2024-02-01T00:00,2024-03-02T00:00,H.No. 25:Swamy Marg:Near Kalyan-Dombivli:Minhas Road:Kirari Suleman Nagar:Dindigul:Nagaland:Lithuania:724960,44/037:Menon Road:Near Kollam:Sur Ganj:Kalyan-Dombivli:Kishanganj:Assam:Marshall Islands:679103
28,Tanvi Shetty,oviyalata@example.com,qLKkbe8P,1977159796,50,FEMALE,INACTIVE,DIAMOND,2024-02-18T00:00,2024-03-31T00:00,40:Hora Nagar:Near Nadiad:Dasgupta Path:Ulhasnagar:Mahbubnagar:Bihar:Syria:989962,44/037:Menon Road:Near Kollam:Sur Ganj:Kalyan-Dombivli:Kishanganj:Assam:Marshall Islands:679103
29,Turvi Rajagopal,memonkashvi@example.org,gxJawfZs,1578851559,52,FEMALE,INACTIVE,GOLD,2024-03-07T00:00,2024-03-30T00:00,H.No. 086:Nigam Road:Near Mathura:Nanda Nagar:Eluru:Tirupati:Goa:Suriname:867319,44/037:Menon Road:Near Kollam:Sur Ganj:Kalyan-Dombivli:Kishanganj:Assam:Marshall Islands:679103
30,Gayathri Chaudhary,sankarvivaan@example.net,ufT2oSuI,658129673,43,FEMALE,INACTIVE,DIAMOND,2024-02-28T00:00,2024-03-07T00:00,74:Bansal Circle:Near Ujjain:Patla:Alwar:Danapur:Telangana:Equatorial Guinea:309267,44/037:Menon Road:Near Kollam:Sur Ganj:Kalyan-Dombivli:Kishanganj:Assam:Marshall Islands:679103